Variable,MSE,Linf
A,1.7583873303644495e-05,0.018820366370026542
B,5.802375916746239e-05,0.04280503265955016
C,3.7753860890331925e-05,0.05484960459164534
