Metric,Value
Epochs,15000.0
Runtime (s),169.89895868301392
Mass Error,0.000971674919128418
